"PLATFORM_TITLE_ID","REGION","MIXIMUM_VIEWING"
GYQLxAQ3qux24bwEAAAGE,ES,15516
GYh2ETwX7hMJjkAEAAACD,ES,9896
GYT4P_gKceKrCfQEAAAWP,ES,5166
GYQGEeQ8Kf4rDAAEAAAAH,ES,4164
GYXXQhg5EtMIkwwEAAAFa,ES,4131
GYWavHA0XyY6NwgEAAAFD,ES,3945
GYT_OuA4CCYrCwgEAAAAf,ES,2432
GYamAbgEfcMLCPwEAAAAZ,ES,1365
GYbsOugM6LL68wwEAAAKf,ES,1227
GYQfyjw4OC8LCawEAAABZ,ES,1150
GYPbZng0rwMMloQEAAAFz,ES,1126
GYSSGmANJr7nCZQEAAAAh,ES,1010
GYfmXnwqzokySrQEAAACl,PL,737
GYxW_HAcfnXcpuQEAAAoW,ES,732
GYg01Igd1bYfDwgEAAAAG,PL,713
GYSCVCwjPSovDwwEAAAB3,PL,694
GYyr69wwG1sLDDgEAAAHt,ES,584
GY2CC3Aq1-p_DwgEAAAAb,ES,548
GYXMPfAdl8cJneQEAAACV,ES,492
GYT-hZAASVsNttwEAAAAH,ES,421
GYyCtqgHZDqwegAEAAAGr,ES,345
GYgYoAw81GI4KtwEAAAGt,ES,340
GYyxh0QYubKgeRAEAAADl,PL,328
GYqNKZg5u2Ky1mwEAAABE,ES,326
GYbI3HAX9m4qlwgEAAAA6,PL,320
GYqhvqAAQVqXCQAEAAAAR,PL,312
GYfNbCQJrJLyCwwEAAAAZ,PL,280
GYboT8w2a9b6udwEAAAXK,ES,276
GYWpi2gu03EW6vQEAAACV,ES,276
GYaWOTAkpybeBhgEAAAAM,ES,261
GYfl4HQAsvcPCBQEAAAEz,PL,244
GY79avAWjfZfDVQEAAArt,PL,212
GY01EcA0KsZC_wwEAAAF8,PL,210
GYaWOLQi07VGAwwEAAAAH,ES,182
GY_5_FwhA_8LCwwEAABD5,ES,182
GYoN73wAAQKK1wwEAAAAC,ES,164
GYrWMyQUdDMJzmwEAAAAC,ES,147
GYW7lgwEwoMN8sAEAAABE,ES,141
GYwUz5wsV8LTCKgEAAAYM,ES,136
GYkT14w2Tio68uwEAAABm,PL,131
GYupDBgW3i8JboAEAAAEY,ES,124
GYL54GQVWWcJihAEAAAAd,ES,122
GYaZUDQ7cXcPCwwEAAABA,ES,118
GYvthPgSFva3DPwEAAAAC,ES,110
GY8FYyAAPRcPDwgEAAAqu,PL,107
GYoztxgd6_n-zwgEAAACl,ES,105
GYuMpDQRc68LCwgEAAA_L,PL,104
GYqnZLASSmkiKwwEAAACD,PL,102
GYhyiXwps05Z2wwEAAABH,ES,101
GYQFwrwUT08LDwwEAAAE7,ES,98
GYZLNlwOBoJKWWQEAAABk,ES,97
GVw1IIw7bhI2vw5gJAAA0,ES,94
GYkxA2QR02ovCwwEAAADp,PL,91
GY4oSLgFd-EG9tAEAAAOo,PL,90
GYGiRTwfS3IshwgEAAACB,ES,90
GXOQyAwwI4oDCwgEAAAAx,ES,84
GYXmzgwk1vsPDBAEAAANZ,ES,84
GYZUIag6zS7zDEAEAAAAm,ES,82
GYjRZDAeCVASGmQEAAAC7,ES,81
GYjMUBwYXT4GawwEAAAAp,ES,81
GY00Vww4usbqYkwEAAAFV,PL,79
GYUAwNQjQCkjDEwEAAAAM,PL,78
GYozxEAwuCcJglwEAAAEP,ES,75
GW6PCCAdmFcPDSgEAAAE-,PL,73
GXkV5uANbnY7CZgEAABwG,ES,72
GYmlm6geb6cI7sQEAAAAe,PL,72
GYxiBrwLyl7TCKgEAAAn2,PL,72
GYj3qFAwEYXjDZAEAAAFr,PL,71
GYKRGrgKLzDZxYQEAAABF,ES,71
GYd_ZPQOVkG6rwgEAABEa,PL,70
GYisuOQEtu8IowgEAAAAE,ES,69
GYnESbgoGshuLwgEAAABg,ES,69
GYuQlsAzRYqFemAEAAAAE,PL,68
GYk3BQQ7J3n1FnAEAAAAg,ES,66
GYsiR5wjkOsPCEAEAAAAC,PL,66
GXdcRXwaMPcPCwwEAACpu,PL,66
GYrMGpAL5HwCFmgEAAAAC,ES,65
GYYUGSwKX-hROlgEAAAAu,ES,64
GYFzcFAM3aYe8qwEAAACG,ES,64
GYfmVkgkyX8PCwwEAAAGB,PL,64
GY1yOwgP1ycPCwwEAAAAG,PL,63
GYbLEUArmLAWauQEAAADu,ES,63
GXJvhMwgOy6gjKgEAAAGv,PL,61
GYQfxWgETkWrDwgEAAAAL,ES,60
GYW2iAQLVPGqZwwEAAABB,ES,59
GY4pewwF_AsPCLwEAAAQh,ES,59
GYk3BQQ06EoDDYwEAAAGU,PL,59
GY5MhdQbuaqaHgQEAAAX5,ES,59
GY4izDAdNR6aHgQEAAAQo,PL,58
GYQFwXwXbpK60hQEAAADk,ES,58
GYrmoowhrKSnDRwEAAAAI,PL,58
GYyxm3AvqZLcxtgEAAABs,PL,58
GXYT0RwJn56nCVgEAAAhs,PL,58
GYz1IqATbfDzDwgEAAABg,ES,57
GYisubATKQQi5wgEAAACQ,ES,57
GYozs_QVRZpHDwwEAAAAC,ES,56
GYvrmDA0AJq3CwwEAAAPL,PL,56
GYGiRTwkOtIeDOwEAAACh,ES,54
GXgYwlQUvuzzCHAEAAAot,ES,53
GWGwmDgdn07RbwwEAAAB1,ES,53
GXuPsHAKYQ8PCwgEAAA6u,ES,53
GYGVHLA4MtL3CwgEAAAAk,ES,52
GYQFrhA6uQ57CwgEAAAAa,ES,51
GY2D8JQUuTZ_DwgEAAAAk,PL,51
GX_TO3QTk7sM6gQEAAAA5,ES,51
GXqMXXgqrhsLDwgEAAABE,ES,50
GYQFwcwmwy8LDwwEAAAEZ,ES,50
GYXQi7gVt8I5kbgEAAADS,ES,49
GY3TIuQpqV8PDwgEAAAAe,PL,48
GYtbL_ggfHcLCwgEAAAq7,ES,48
GYpE7JwWcScM_TgEAAAAC,PL,48
GYW2kBQofDbG_iAEAAAAQ,ES,48
GYEZmpgnTi7CgYgEAAAAV,ES,47
GYN8IRgStiKcnrwEAAAJR,ES,46
GYVHVegSNP5DCHwEAAAB3,ES,46
GYsiSLQP853mangEAAAXi,PL,46
GYwOKVwsws63CwwEAAAWC,PL,45
GYQFwcwbHpbaTRAEAAAD0,ES,45
GYgYggQaBV4iGwgEAAAAF,PL,44
GYrHiNgKYu02wngEAAAAE,PL,44
GWg0RBAGnVXSEpAEAAADZ,ES,44
GYvroKQFdvMJboAEAAAPT,PL,44
GYzbPQgfhvHLCwgEAAAB_,PL,44
GYF5Q0gNIKX0dwwEAAAB9,PL,44
GYeDfDgyVdwPCwgEAABep,ES,43
GYyr7Mwu78K1SwwEAAABz,ES,43
GY3Oz8AjYbm6ylwEAAACC,PL,43
GXx-AZgFKkkxbcwEAAAIy,ES,42
GYUM6xA7RxcLDwgEAAABo,PL,42
GYozxOgIQEX-zwgEAAAD9,ES,42
GYrGEcAmTLgCdrAEAAAHF,PL,42
GXXAfqwKrmqnCVgEAAAFa,ES,42
GYUGJRgCrn6WxpAEAAACN,ES,42
GY4izegD_yKaHgQEAAAQq,PL,42
GYhbuqwvvtYvCwgEAAAC7,ES,42
GY2JV5QM5DcIzkwEAAAAE,ES,41
GYUQtwgsdyyTDwwEAAAKR,ES,41
GYTG0RQ4x8bxingEAAAEC,ES,40
GYbdG6AFKonkergEAAAHN,PL,40
GYp65cAU5uroDwwEAAAB2,PL,40
GXrQVCAz524ayhAEAAAA-,ES,40
GYk3DTgDNUa2OoAEAAAAS,PL,40
GYXAbrwLa6cPDOQEAAARn,ES,40
GYgHdogRVmsJifQEAAAFW,PL,39
GYwSeEgaOT3cpuQEAAAYV,PL,39
GYyr5twVjKqgeRAEAAAA_,ES,39
GYz7GOAlMgD6rkwEAAAAC,ES,39
GYk3I9gT8wrfCWgEAAANM,ES,38
GY3bxygTa86-1mgEAAABB,ES,38
GYpWC8QltDsPDRwEAAAAE,ES,38
GYSUvMg6CGaN4nwEAAAAS,ES,38
GY5NUnAdchK-1mgEAAAVB,ES,38
GYUlr6AtfmGpMDwEAAAB6,PL,38
GYjRYbAU6jIuhCwEAAACl,ES,38
GYXEJCgtMlruGtQEAAAMX,ES,38
GX_SNSwcTX5YotgEAAAA1,PL,38
GYkHM7QaDE8LCwgEAAAAU,PL,37
GYnVFpwOFt5uQwgEAAAAC,ES,37
GYrld1wBP38LCUgEAAAAC,ES,37
GXt50aAsJMMPCwgEAAAk_,PL,37
GY01bZA32T5C_wwEAAAGB,PL,37
GYlZp7wktxY7CwwEAAAAn,ES,37
GY0bEgwBsNLqYkwEAAAAN,PL,37
GYUQt_wNnVRm_igEAAAG9,ES,37
GYysYogzOUsM7YwEAAAGs,PL,36
GYetqowbLX8J4fwEAAAAT,ES,36
GYXOfDwS_KzLDwwEAAADo,ES,36
GYj3pzQvziHjDZAEAAAFl,PL,36
GWSMCnAuFop-ogAEAAACH,PL,36
GYh-YLwFoRLRrHQEAAAAS,PL,36
GY2jiLQFZjkthwgEAAAEp,PL,36
GYywt7A2FjKgeRAEAAACV,PL,36
GYk5g4g4KcZ9nqAEAAAF-,PL,35
GYo43IwCty7jDwwEAAAAC,ES,35
GYF43_Q8XzQaavQEAAAD3,ES,35
GYgHXgAdfNCHDwgEAAAEZ,PL,35
GYmnfmwFtZsLCwgEAAAAF,PL,34
GYyvGhgiWdqrDwwEAAADJ,ES,34
GY2jPIwtW54HDwwEAAABq,PL,34
GYkQ4rQ44pBOOpgEAAAAC,PL,34
GY78Z9woyC4ZvhgEAAAAC,PL,33
GYk2lOAcHoIanqwEAAAAJ,PL,32
GYPH_IAJTJKaVTAEAAABy,ES,32
GYdLD9gGAvwKgsgEAAAKl,PL,32
GWPUl1whBcrCtkwEAAAAz,ES,32
GY3TBxQAvvMNaigEAAAAM,PL,31
GYcS3cgra04QOtgEAAACq,ES,31
GY9AEnQUKmsPCLwEAAA0P,PL,31
GYVSDCwdZ0U3DwwEAAAAC,PL,31
GYQbTcwlYU5Y_wgEAAAAH,ES,31
GYyst8Q3wx61SwwEAAACW,PL,31
GYsiSkQlSZsPCEAEAAAAJ,PL,31
GYtbMqAMAfkqupQEAAAiP,ES,31
GYbyC7AgcnhtpugEAAAAG,ES,31
GYSmI3wAoJrvDOAEAAAAC,ES,31
GY-MGkwKGMaaHgQEAAA9Q,ES,31
GY34tcAbpP5fDVQEAAAIG,CO,31
GYQbOywd7_L3CQwEAAAAC,ES,30
GY1FoBggSNW4mgAEAAABs,PL,30
GYvousASIbcJboAEAAANb,ES,30
GYfmK3Qh5B76mwgEAAAHk,PL,30
GYW2kcgx33bG_iAEAAAAY,ES,30
GY8FYmwYrSwnCZwEAAAuT,PL,30
GYxEOkA8AZHcpuQEAAAmR,PL,30
GYgHcLglAjUnCXgEAAAFP,PL,30
GY1o7NQ2v85OXuwEAAAA2,PL,30
GZD02_gZMsGO1vAEAAAAG,PL,30
GYkRnSgvqtICywwEAAAAC,ES,30
GYgHfKAjkPZIXkQEAAAFV,PL,30
GYo2FVwYiIsNqlwEAAABq,PL,29
GYRr9Rwt414jDwgEAAAJ3,PL,29
GYk2eRQHGfZrDwgEAAAAF,ES,29
GYQFuLQ2jHLg5RQEAAABK,ES,29
GYgHaDA8BEXbDwwEAAAE0,PL,29
GWGwmGAoKaKmywwEAAAB1,ES,28
GYXEKfQN7LqDDSwEAAARe,ES,28
GYg_W-waaNpVyjAEAAADM,PL,28
GYGc9iAbsCMPCFAEAAAAX,AR,28
GYULZyQcHqQDDwwEAAAFO,ES,28
GYVa4LAWyN47DOwEAAAAi,ES,28
GYXD4tQCvOsI_wwEAAAB9,ES,27
GYuQmUAgX0MPCwgEAAAAC,PL,27
GY01JwguK_pSYugEAAAFf,PL,27
GYuAQ3QBIYcNewgEAAA0a,ES,27
GY-MHKQlvtsLCwgEAAA5U,ES,27
GYuQlfgL6HcLCSAEAAAAE,PL,27
GYkR6gQAP5LSLFAEAAAAE,ES,27
GYfl3rwRyPsPCBQEAAAEl,PL,26
GYTG1SgHCosPCVgEAAAFv,ES,26
GY2EKBQOdrZifAAEAAAAM,PL,26
GYx8Ahg3xWqfDXwEAAAA5,PL,26
GYSUxoAC8ZW1AigEAAADl,PL,25
GV1nk6AmAsng4swEAAAAZ,PL,25
GYKLPjwnWHJ3CwgEAAAAf,BR,24
GYSUu2AoIPE1etQEAAACl,ES,24
GYpUGOQuc6sLDBgEAAABG,PL,24
GYsiSzgU6eoCNeQEAAAAN,PL,24
GZG0qsgEDoQnCZwEAABn1,PL,24
GYuARBQOHdMNewgEAAA0e,ES,24
GYz1KfgIrNTzDwgEAAABi,PL,24
GYmkDJAo1eCRsnQEAAAAD,PL,24
GY1vN-we02MLCXQEAAAAN,ES,24
GYqw7bAi6f8JtqQEAAAC8,PL,24
GV1rOuwCSAsLDwwEAAADX,PL,24
GY2kfZwgAhjrCwwEAAAFm,ES,24
GYozu6gNUhE6lwgEAAAEL,ES,24
GY6ApngKxnsPCLwEAAAd5,PL,23
GYQfxQwkULQzDwwEAAAAP,PL,23
GYwh3Wg0yDcM0mwEAAAAC,ES,23
GYkSe-A6AiLDCwgEAAAAE,ES,23
GYcWRtgvtDKO8kwEAAAEx,PL,23
GYgHYewbnWsNvkAEAAAE3,PL,23
GYfl4CA1M5MPCBQEAAAEw,PL,23
GXnjwhQGzzYCgwwEAAAdt,PL,23
GXJvJSwtuyKgjKgEAAADq,ES,23
GYIjjNApnCLK9wgEAAAPB,ES,23
GYRGg1AWUkZS1QwEAAAAz,ES,23
GYgHdZQl08pi9rgEAAAFr,PL,23
GYzZLoQqnSXLCwgEAAABc,PL,23
GYxpA5AFVF3cpuQEAAAu9,PL,23
GYcVqdQQ197yMjAEAAAEl,PL,23
GZEj5LwyMupOmPwEAAAh5,PL,23
GYQFwfQW3tcLCwwEAAAD-,ES,23
GYgHbogYzMMIebgEAAAF1,PL,22
GYmZuUQ4SnQCfugEAAAAD,PL,22
GYqCiuQxqlHHDWgEAAAE7,PL,22
GY3TCFQAgd8LCwwEAAACC,PL,22
GY8FYNQLpksLCwwEAAAuA,PL,22
GYqce3AdnHQKwwgEAAAAU,PL,22
GYpWB4whkUMMuiwEAAABW,PL,22
GY3O3-ADgIxrCwwEAAAAu,PL,22
GYSmJfg9AK6PCwwEAAACf,ES,22
GYQFupgI0za60hQEAAACZ,ES,22
GYGJQvgJNd4d9lwEAAAAC,ES,22
GYfl4TwS1DL6mwgEAAAEK,PL,22
GYVLQvAYAMa7CcgEAAACT,PL,21
GYqcyXQ6uFgKwwgEAAAAc,PL,21
GY9jhOwG60JfDVQEAAA3e,PL,21
GYpWCWwj1CsPDRwEAAAAC,PL,21
GYhzMhQdyrqGZqgEAAABH,ES,21
GYuQliAR63ZBEwwEAAAAF,PL,21
GYgHdAQHDn8IebgEAAAF8,PL,21
GYd41uAzZVbeZGAEAAAeC,PL,21
GYnEBIwIca75jnwEAAAAC,ES,21
GYkO_sgCZtYQWmQEAAAAt,PL,21
GYEZqfAPIKrmmigEAAAAQ,ES,21
GZDktgQDnJ8PCLwEAABVz,PL,21
GYyxijwe2pIyqwwEAAAAC,PL,21
GYkQjDwCJSLm5sQEAAAAK,ES,20
GY48-yQNbscPCLwEAAATE,PL,20
GYed5_wq_i8PDwwEAAAA6,ES,20
GY8akxwISucPCLwEAAAuq,PL,20
GY1fTeABSNMNtgwEAAAFl,ES,20
GYaWOTAiNSLeBhgEAAAAL,PL,20
GYXOfDwU03bWZswEAAAC5,ES,20
GY3uUVQS5F6-1mgEAAACI,ES,19
GYwlKngk-vsJboAEAAAdL,PL,19
GYk1qNgPan1uowgEAAACf,PL,19
GYZLMdA3xCWq_oAEAAABb,ES,19
GYvrmZgzbEREHXQEAAAOf,PL,19
GYrArcwpC174cgQEAAAAC,PL,19
GXdcZSAKtkcPCwwEAACri,PL,19
GYjhRjgu7Bpd-nAEAAAAC,ES,19
GYxgBtgMHjViCmwEAAAr1,PL,19
GYVLQ0QXTjMLCwgEAAABk,ES,18
GXgYwfAA1jpWdkQEAAAnR,PL,18
GYhA2Vg3tpSyjDQEAAACp,PL,18
GWZsaNAFft6KDKwEAAABm,ES,18
GYsiTEwwrO8LCwwEAAAAM,PL,18
GYg_XLwSsenSvnAEAAADL,PL,18
GYUQuHA8al8IWiQEAAAA7,ES,17
GYjscfwGDmr2KvAEAAAAC,PL,17
GYfHxLQVYyMLCwwEAAAEL,PL,17
GY4pemg5kFJSgigEAAAQ7,PL,17
GYuJGrwOB0Z2PkQEAAAAC,ES,17
GYpWGEgChwpu5sQEAAAAH,ES,17
GYxnN8QG_QETDwwEAAApQ,PL,17
GYpY0MgOsdsLDwwEAAABf,PL,17
GYfxGWwwFjRnCwwEAAAAM,PL,17
GYg_XWABcOhdlpAEAAAC2,PL,17
GYuFPdgNafsNewgEAAA2J,ES,16
GY-7kLAPfQk6aKQEAAAI_,PL,16
GYo0JHw01zcNqlwEAAAAV,CO,16
GYQFrPgyhLluQwwEAAAAu,ES,16
GZGuxjgcXpbDCLQEAAAsP,PL,16
GYFuEUg2QXXc4uAEAAAAm,PL,16
GYmkbxQTGObTDRgEAAACM,PL,16
GYk1spQYeWbfCWgEAAACD,PL,16
GYfm17w4L1zO-wwEAAAEF,ES,16
GYrGLoQPdwkqSLgEAAADA,PL,16
GXiocuApMjB3DwgEAAAGs,PL,16
GYmkA9AyVTKnCewEAAAAC,PL,16
GYpZXyACvEoPDOgEAAACD,CO,16
GYvrlgAjQaJa8kAEAAANT,PL,16
GY-uVXwr81JOmPwEAAAHN,PL,16
GYme25A02a5PDGAEAAAAC,PL,16
GY-JiqQFeZJSgigEAAA63,PL,16
GYfmXgQQYxD2HMwEAAAHX,PL,15
GYQFrwA2bVcPDwgEAAAAc,ES,15
GYzP3PwLNG8ISwwEAAADa,PL,15
GY01FJQIAJJSYugEAAAFa,PL,15
GYQk67Qv5w8NsmgEAAAIP,ES,15
GYmlmWwyd6Y7DAgEAAAEF,ES,15
GYWkPxwyzsjfCFgEAAAAh,ES,15
GXa4BkATwmgKBsQEAAABJ,PL,15
GY2D8kwwjKcLCwwEAAABr,PL,15
GYmngvQbhFIvCIwEAAAAC,PL,15
GYpWFhgX3rp7CAgEAAAAC,ES,15
GYyr6kwsfWJ6fiQEAAAFO,ES,15
GYk2UsgM3K5SWtwEAAAAR,PL,15
GWW-7mwfeoX8qmAEAAACO,PL,15
GYlXkEgf4065owwEAAACZ,ES,15
GYg_XTQnS3je5aAEAAAAD,PL,15
GYZLDtgXEkpfDwgEAAABS,ES,15
GYilgpAcPHKyPlwEAAAJv,PL,15
GYmNHwALrMzMgwgEAAAAt,PL,14
GYU5yzgXQcMNJtwEAAADN,PL,14
GYjIAeA6ampuqwwEAAAC0,ES,14
GYunciQp7PsJboAEAAAES,PL,14
GYRGgSAJtf63CQgEAAAA4,ES,14
GYzPsFglAqcISwwEAAADX,PL,14
GYRdYdAnAUm_DUgEAAAAF,PL,14
GY_OM2ggut8PCLwEAABAn,PL,14
GYhzMkQURxLyxKwEAAAGD,ES,14
GY00Sewnn6pC_wwEAAAFc,PL,14
GYwlJpAdUHrmlsQEAAAAC,PL,14
GYg_gqApAQje5aAEAAABA,PL,14
GYQFt8Q0h7oXCwgEAAABD,ES,14
GYoDJYQE2UL-QwwEAAAAC,CO,14
GYfmIbQfqh8PCwwEAAACp,PL,13
GYtUdPQ8QYcNewgEAAAjW,ES,13
GYyr69w3HgsLCwwEAAAF5,ES,13
GYSmK-w1yAMLCwwEAAAC2,ES,13
GYhzMlQbj9JWzZgEAAAGJ,ES,13
GXrHuSAvp-sPCwwEAAACI,ES,13
GY_dIxQ31ArGYsAEAAAJ2,PL,13
GYQhbPAbiepO1ZQEAAABe,ES,13
GYxINaAypVp-cMgEAAAAK,ES,13
GYzPyQwSi8bKBwwEAAAAC,PL,13
GY1Kwywr4lbmhMgEAAAE0,ES,13
GYicu-QzYs5mGSwEAAAFc,ES,13
GYfm1MQtdoj2HMwEAAAPO,PL,13
GYg_QuAxT9paOwwEAAAA6,PL,13
GY3TJ2wyIoZSgigEAAACL,PL,13
GYs9_3guCenmangEAAAjS,PL,12
GYyst3Q21NKgeRAEAAABW,PL,12
GYvpeqgmZkcJboAEAAAOd,PL,12
GYtbMlAlmusNewgEAAAmi,ES,12
GYhPmTgskRkWIlgEAAAHn,PL,12
GY9jgwwb83ZOmPwEAAAA7,PL,12
GYvou4gcRQ7V9vwEAAAAD,ES,12
GY9uosgPRQHSfmgEAAACE,PL,12
GYU61Cgn0v46lwgEAAADS,PL,12
GYigtegYqAStLUQEAAAHN,PL,12
GYecTOAuuRAPCwgEAAB0B,CO,12
GXbHqNAOcBJGYoAEAAAau,PL,12
GYigtSAZhhJHDVgEAAAG7,PL,12
GY_Oj9wHNFJOmPwEAAAJi,ES,12
GYEbClQX_H8IhKgEAAAAp,PL,12
GY_Y_MgbBxLDCLQEAAAKB,PL,12
GYebclgIj-MMHwgEAAAN_,ES,12
GYywxFwtidbcxtgEAAAAm,PL,12
GYk3G4AsRpMPCAAEAAAAH,PL,12
GZBjF8gQVWpfDVQEAABKI,ES,12
GYqb4Pg3DuWalwgEAAAAF,PL,12
GXtk_SAmm38PCwgEAAATl,PL,12
GYk1s_wxHqluowgEAAACy,PL,11
GV7tyCwdtM8MbwgEAAAAi,ES,11
GYuE5JAKryb-dDAEAAAAC,ES,11
GYqCiXg2dILxVCgEAAAFC,ES,11
GYl6QAQ7Xe8LCOQEAAAAE,BR,11
GYwlJGAcNTFiCmwEAAAf-,PL,11
GYfl4YwhpecPCBQEAAAFF,PL,11
GYfmEZgFlGp-aTQEAAAAz,PL,11
GY_ON6AojcLDCLQEAAAJr,PL,11
GY2CC-gvv94GgwgEAAAAR,ES,11
GYpY0HgErY4PDOgEAAABn,PL,11
GYzy3aw6AWMIxPQEAAAAH,US,10
GY3S_dgOXiqXCSAEAAAAF,PL,10
GYvrnJQG7RBEHXQEAAAOh,PL,10
GY-N2bwlso6KZwgEAAAE5,PL,10
GYyr9ZAKIycIEGgEAAAAl,PL,10
GYpYccwF4r4uElgEAAAAD,ES,10
GYywuMgxVmrcxtgEAAAAT,PL,10
GZDlOLg8nX7iWtQEAAAc2,PL,10
GYwlPTwUihgXCwgEAAAhB,PL,10
GYfm1nwkSS8LCNgEAAARI,PL,10
GYwi04wO7ya3CwwEAAAcQ,PL,10
GY-JjjwEeE6KZwgEAAAEs,PL,10
GY9jhswRcFcPDwgEAAA0_,PL,10
GYfmW9AoelT2HMwEAAAHC,PL,10
GYk5S1wfPLZd7sgEAAAAH,PL,10
GYtUdXAJbIEqupQEAAAe2,ES,10
GY8FX4gva0cPDwgEAAAqm,PL,10
GYvrmrQFbGxbDwwEAAAPI,PL,10
GYo2FGg4Yj8J8wwEAAAAC,PL,10
GWguRHAzcL7C5iAEAAAIB,ES,10
GY2D71QcUqbYCjAEAAAAf,PL,10
GYk1tJwuAJFuowgEAAACz,PL,10
GYf3shQ1eAZF2wgEAAAK5,PL,10
GZD03MQVzrMPCwwEAAAAH,PL,10
GYigtjgf2dJxjUAEAAAHO,PL,10
GYmkJ_AfQyI7DAgEAAACV,PL,10
GYx8ADg1RjqSocwEAAAAz,PL,10
GY78W9A1bOMLCwwEAAAsq,PL,10
GYfmKUAu03ZqXXAEAAAAN,PL,10
GY-T1ngVvDJSgigEAAA7m,PL,10
GYSmKqwevF6rDwgEAAAAP,ES,9
GY1vQkQ8hacLCwwEAAAAR,ES,9
GYgORzgG3l6_CwwEAAAAK,CO,9
GY2U7tQc59kthwgEAAAEF,PL,9
GZBGmeQR7y8N_dwEAAARD,PL,9
GY8FYWwzoyZSgigEAAAse,PL,9
GYuekYAC3RMLCwgEAABCq,ES,9
GWguWKQ0XrXSEpAEAAAAF,PL,9
GY78XHAjneYHDGwEAAAAC,PL,9
GYhPolADKlUiCrwEAAALm,PL,9
GYRrlKQKjxsLDwgEAAAAG,ES,9
GY0_UygVF5W4mgAEAAAAH,ES,9
GY00UMwpMk5C_wwEAAAFe,PL,9
GYvrlvAvJU1iCmwEAAAQY,PL,9
GY-zxSQRXnqKZwgEAAAIk,PL,9
GYQFwrwWPz660hQEAAAE3,ES,9
GYDQG_A5dAHapYgEAAAAk,PL,9
GYufwGgU36ETDwwEAAAAF,ES,9
GY1vK-AUVjL-hnAEAAAAY,ES,9
GYo2FJA8Ws8J8wwEAAAAD,PL,9
GVU3UrwrJDYNJjhsJAXvy,US,9
GYgam3gKe-bYbrQEAAAU9,PL,9
GY01GUQZp95SYugEAAAFd,PL,9
GXzasmA59_EvDbQEAAAK2,ES,9
GYGtlFwpn-kOawgEAAAAF,MX,8
GYigtDA2AysN9uAEAAAHJ,PL,8
GYxnN-wDc9BEHXQEAAArJ,PL,8
GYwlMzg7NWBEHXQEAAAcy,PL,8
GXlAVYAvjtTC3wwEAAAvz,ES,8
GYqCiXwDD0LxVCgEAAAFD,ES,8
GZA8vFQpkL0G9tAEAABIm,PL,8
GY36P2wH8pKaHgQEAAAI-,PL,8
GZBzV1QzmuMN_dwEAAAU-,AR,8
GYpYP7QWR-5C4qAEAAAA8,PL,8
GY4oSnAWfGMPCLwEAAAQN,PL,8
GY_ONjguW_AnCZwEAABDO,PL,8
GYgHa4wmDJsIebgEAAAFw,PL,8
GY4Xy2gKrK0G9tAEAAAI9,PL,8
GYkbmmA4v5L7DwgEAAAAP,PL,8
GYuncJQUM-RbDwwEAAAED,PL,8
GY4oSfgPwPZSgigEAAAQr,PL,8
GYf4WdwmHp67CIwEAAACp,PL,8
GYF478QhGrm6-wgEAAAOg,PL,7
GY9p08AY1b7NxlAEAAAAC,PL,7
GYfl7DgIKRom1eAEAAAFV,PL,7
GYuQlagSKQr3CaQEAAA-l,PL,7
GY8rllgHgsYSRpAEAAAAC,PL,7
GYwOGJgFfVMPDHQEAAAAC,PL,7
GY8FYsgYmPkG9tAEAAAsW,PL,7
GYqb6bwa7cmalwgEAAAAI,PL,7
GYnESYwhHgxuLwgEAAABd,ES,7
GY01DvAYOKYzDwgEAAAGA,PL,7
GY4oR4AIC-MLCwgEAAAOl,PL,7
GYvxSrgQng0TDwwEAAAPt,PL,7
GY4oSagMEX8LCwwEAAART,PL,7
GYfmo_Q4lYcLCNgEAAALf,PL,7
GY_OKZQpSvsPCLwEAABAm,PL,7
GY1FhBgdHu52OlQEAAACz,PL,7
GYSmJLwAr16K4wwEAAAAD,ES,7
GYW8KTgPzRK27iQEAAAD9,ES,7
GYj3r_wxJ0xPCfQEAAAAC,PL,7
GYxnB5wZf0ETDwwEAAApM,PL,7
GY01LZwy-xVWbswEAAAFh,PL,7
GYpWHcAS3VsLDBgEAAABV,ES,7
GY3TAXAxpYBrCwwEAAABL,PL,7
GYgHeVgKL5MI0GwEAAAF1,PL,7
GY_OIcQy3SXSfmgEAAAJ2,PL,7
GYuFGyQeLFZS5nQEAAAAC,ES,7
GYmkLFAyzXqnCewEAAAAk,PL,7
GY6GkMwFnosMywwEAAAAI,PL,7
GYk5UDgF0u8NaBwEAAAAC,PL,7
GY8l41QI8-a-1mgEAAAv9,PL,7
GYULZtQXlT8McwgEAAAET,ES,7
GYfl4WgucWQ6PtAEAAAEn,PL,7
GY3OwQgnmRJOegAEAAABm,PL,7
GY9p2OwMDysN_dwEAAABp,PL,7
GYs9-CAWIvL3CaQEAAAdZ,PL,6
GY7XpkQjOLZSgigEAAAlE,PL,6
GY8FY-Ac9FcLCwwEAAAuG,PL,6
GYd0kmwszPbnDcQEAAAEc,PL,6
GYe9ksgl2rWWnXAEAAABg,ES,6
GY3TIDwosecNaigEAAAAR,PL,6
GXZtyawwJa8IggQEAAAPZ,ES,6
GYk4J1wXrwR6jiwEAAAAH,PL,6
GYgHa7Qn10K7CIwEAAAEr,PL,6
GYf4XSQ4PKyHDwgEAAAC8,PL,6
GYUA0gwopmL-IhAEAAAJP,ES,6
GYgvG3wvsi44KtwEAAAmc,PL,6
GY3TCWwNSegnCZwEAAAB9,PL,6
GYia-sQ4hIZWFCQEAAAGZ,PL,6
GYuE4jgJElaQpwgEAAAAC,ES,6
GYnESCgDAmhuLwgEAAABO,PL,6
GYk1okAUEEoQ3tQEAAABl,ES,6
GY7_LaQ2cH0G9tAEAAAr0,PL,6
GYvrjswhmdQXCwgEAAAQ0,PL,6
GYeDfQA2cske_IgEAABd_,PL,6
GY5hcGwOhf5SgigEAAAZN,PL,6
GYqBdygPwaMN6sQEAAACV,ES,6
GY2EHywE45MJchQEAAAAj,PL,6
GVU2qlgmFioNJjhsJAU1f,US,6
GYnQeTwZqjnJuwwEAAAC3,BR,6
GYgHbHwvbTEnCXgEAAAFG,PL,6
GYtbDTQKsYnmangEAAAr7,ES,6
GZHj-ywdebqXCwgEAAAxA,MX,6
GYwi1CwanE0TDwwEAAAcB,PL,6
GYyr9tAbF3Z6fiQEAAAFW,PL,6
GY01HmwpBBIAYugEAAABu,PL,6
GYkSdagBVn3pOtwEAAACX,ES,6
GYZP8nQc6Up5BwwEAAAAV,BR,5
GYz1KVgXzRoSKwwEAAABK,PL,5
GYrAvKgLDlkqSLgEAAABV,PL,5
GY2DxUgb7j7YBwwEAAAAj,PL,5
GYf3zBQy_ZJi9rgEAAABw,PL,5
GYxnUeAtaK63CwwEAAAph,PL,5
GY-T71gvqHkG9tAEAAA80,CO,5
GYigtrAiNea2ztwEAAAIi,PL,5
GZHiOgwLT3aaHgQEAABoL,PL,5
GY73bYQwp28PDwgEAAAoN,BR,5
GYg_N_Q1CaGkXpQEAAAAG,PL,5
GY7-g2AcDtJfDVQEAAAsH,PL,5
GYfmmDgud2MMHwgEAAADI,PL,5
GYu6yxAwR0a3CwwEAAAGk,BR,5
GYmEg5Ah3FYauXwEAAAAC,PL,5
GZAsF_QxtxKKZwgEAAAQE,PL,5
GZG0jSQPAdKd9XQEAAAsO,PL,5
GY5NSiQut18LCwgEAAAUu,PL,5
GYrGPWATxpQyMiQEAAAEl,PL,5
GY4oR6AJ19EG9tAEAAAOm,PL,5
GYxnTOAIPOxbDwwEAAAti,PL,5
GYo2FYQgQecJJqgEAAAAJ,PL,5
GZD03Fgkn4AnCZwEAABYo,PL,5
GYecUAA6E8reZGAEAABlz,CO,5
GYpE6DwFOAYxHKQEAAAD6,PL,5
GYigskwkONGXCwwEAAAH2,PL,5
GYIjh4wtrjZGxLwEAAAKA,PL,5
GYigtPgExqGXCwwEAAAIE,PL,5
GYbvp1gtXLMLCwgEAAANo,PL,5
GYmfRQgIuM8LCRQEAAAAT,PL,5
GYtUdXAtlr0qupQEAAAe3,ES,5
GYg_N_QdlksLDwgEAAAAL,PL,5
GYfmXYwL2R8LCNgEAAAGl,PL,5
GY9CaKQDecgnCZwEAAA28,ES,5
GYju6ywUE3HjDZAEAAAAw,PL,5
GYf3vTQ1jpJIXkQEAAABl,PL,5
GYqhrMwNYPU-YsgEAAAAF,PL,5
GYfmXEg0WhUySrQEAAACc,PL,5
GYvrmNAuoIZa8kAEAAANX,PL,5
GYuQmbgph7sItEAEAAAAE,PL,4
GYUlssQp_Z2mKlQEAAAC5,PL,4
GYZ9oYgkVf8PCwgEAAAAC,FI,4
GYGJEVwVmMMIInwEAAABe,ES,4
GYSmKWwOw1MPDfwEAAAC0,ES,4
GY_OHiQ1jg8LCwwEAABBm,PL,4
GYR9XUAwisbiVuQEAABFM,BR,4
GYpYNOglN9cLDBgEAAACY,PL,4
GYk2rggHLh7yhpQEAAACT,PL,4
GWWTyDw4YNra8pAEAAAAG,CO,4
GYkZJ3wlmcYG6wgEAAAAC,PL,4
GYk2VhwZV74Q3tQEAAAGM,PL,4
GYfl4oAnhkr6mwgEAAAEf,PL,4
GYk2jIgBcQpGLwgEAAAAE,PL,4
GYYOyyQguT8LCdAEAAAAU,PL,4
GY8bBOgnUsgnCZwEAAAvw,PL,4
GVU23cg770INJjhsJAVwM,PL,4
GYyxf0g2lk61SwwEAAAEU,PL,4
GY-zwqQMEZbDCLQEAAAIx,PL,4
GZDlOnQNQmEG9tAEAABWs,PL,4
GYga-vQ32Toq6lgEAAAAX,PL,4
GYmkhXAUgJSBGtAEAAAAc,PL,4
GY01IbgUM54AYugEAAABv,PL,4
GZGuypQKAjwnCZwEAABnY,ES,4
GYUGMZwMuZoqSrwEAAAC9,ES,4
GYvrm8wAFmncpuQEAAAPI,PL,4
GYk2EYgQuo4HCBgEAAAAF,PL,4
GYWpiCgMRph-wogEAAACo,NL,4
GYsiSwwmLGcLCwgEAAAWp,PL,4
GZDkmJwzQIUG9tAEAABWi,PL,4
GZFOHowo4QXSfmgEAAAnC,ES,4
GYfmXoAPXWMLCNgEAAAGs,PL,4
GVU4CqAy884NJjhsJAa1j,US,4
GYuFJwQpZJUqupQEAAAxg,ES,4
GYXELgQvCu4JQuwEAAAPn,ES,4
GYmkdNwkaK8IBAQEAAAAC,PL,4
GYgvm_wY8abYbrQEAAAuN,PL,4
GYk3C1A2LY0nDWQEAAAAG,PL,4
GYYzvNA7gs5e3rwEAAAB7,BR,4
GYYrdhA5wd4CxwgEAAABD,AR,4
GY_lvhwsl3bGYsAEAAAKo,FI,4
GYkSdcg75p3pOtwEAAACY,ES,4
GYpZVWwpWMMMKvAEAAAAJ,BR,4
GYpKitgvUKYbDwgEAAAAa,ES,4
GYgbb9wpj644KtwEAAAbE,PL,4
GY9CXYgdDiq-1mgEAAAzi,PL,4
GWIeTZwdCwMNWsQEAAAAa,CO,4
GYbMihQrFxgWauQEAAAE5,ES,4
GYGQH1wssuoW2XgEAAABW,ES,4
GYqb4ewMLZ5arAAEAAAAC,PL,4
GYpYRLQY9AcLDwwEAAAA-,PL,4
GYyr8xArStbqurAEAAAAC,PL,4
GY1dIEQZQwW4mgAEAAAFM,ES,4
GXmlR8QmVuyLCHAEAAB8H,PL,4
GYtf0fABmooWwbwEAAAAD,PL,4
GYsiS9Qo_rL3CaQEAAARi,PL,4
GYfnIqQui47LCWwEAAACX,PL,4
GY9jiCAu-mKaHgQEAAA5B,PL,4
GZA8vCA53h6KZwgEAAAQr,PL,4
GY2jj2wQqy0thwgEAAAEt,PL,3
GYk3HTwOHH8JmmwEAAALn,PL,3
GYqw72goq_CnDwwEAAABp,PL,3
GZDlOLwFZ6qaHgQEAABWD,PL,3
GYsiSGQWz7kqupQEAAAON,PL,3
GYqhrCwdUNa7DwgEAAAAC,PL,3
GYwlNZQIhfBEHXQEAAAcz,PL,3
GYmZvBQ0ZGcIbwwEAAAAF,PL,3
GY01btQAjYoAYugEAAAB9,PL,3
GZC2MFQJ5xKXCwgEAAAZw,PL,3
GYyr9CgHg8Z6fiQEAAAFS,PL,3
GYk1pxwqCHou_uAEAAAAC,PL,3
GYk2Vrg2-bhqgowEAAAAH,PL,3
GZFiz9ASezXSfmgEAAAn0,PL,3
GYrGM6wZ54LyztAEAAAAC,PL,3
GYfmK-wrhSz2HMwEAAADe,PL,3
GYk1kmgyiF4Q3tQEAAAA8,PL,3
GY-I2bwPXVX2YqQEAAAAC,PL,3
GZD02GAU4kMPCwwEAAAAD,PL,3
GYqb35A8D5MN8wgEAAAAC,ES,3
GYqhrKQWIn00CgwEAAAAD,PL,3
GYk2rtAjrnYDDYwEAAAD2,PL,3
GYpZYSgNkb5C4qAEAAAB8,CO,3
GYf3tMAVGV8LDZQEAAABt,PL,3
GYigtrAcz67h3wwEAAAHE,PL,3
GY4oSkgUfFKaHgQEAAARw,PL,3
GY7-gzgYI9MLCwgEAAApu,PL,3
GY8IQ9AplAcLCwgEAAAq-,PL,3
GYfmypQ8KRz2HMwEAAAOh,PL,3
GYgHbygZcDoZhtgEAAAL5,PL,3
GYsiSNwaV34_CJQEAAAAG,PL,3
GYigttghUKwDDMwEAAAHS,PL,3
GYsiS6wpCAb3CaQEAAARg,PL,3
GYgHYDQco9a3COgEAAAFY,PL,3
GYkT0SQOJmqXDSgEAAAAC,PL,3
GYrGFwwrUx7vDZwEAAAAC,PL,3
GYpE66wWsc8PDwwEAAAAI,PL,3
GYrGCXQAmMQCdrAEAAAHD,PL,3
GY4XYsgUGXqaHgQEAAALi,PL,3
GZG0j9AJv0JfDVQEAABkH,PL,3
GZGuyVQIqeE6CswEAAAGr,PL,3
GZD2NOweonMPDwgEAABSv,PL,3
GYoUiVQawcq6WlQEAAAAC,PL,3
GYf3scQy4FpTDwgEAAABl,PL,3
GY0pgAQ1wgYzDwgEAAAFM,MX,3
GYwlLDAwf9MJboAEAAAdM,PL,3
GYkPD4Aje2I7CwwEAAAAv,PL,3
GYcIH8wlByo-qwgEAAAAJ,SE,3
GYg_XvAs2D3SvnAEAAADQ,PL,3
GYgHcpg0wLJUArgEAAAFv,PL,3
GYigtmAXJHcLDOAEAAAGu,PL,3
GY3S_vARf4qjDwwEAAACR,PL,3
GZDf-_gRNXMPCLwEAABVX,AR,2
GY3TH3QtdX6jDwwEAAACV,PL,2
GYk2ufg5PPcJmmwEAAAIt,PL,2
GYkQ5YgaKTJS7MAEAAAAC,PL,2
GYnESCQWsco_CGAEAAABB,PL,2
GYmNIQAQZtLJMwgEAAAAE,PL,2
GY3KHaQhfHcLCwwEAAAA1,CO,2
GVU41Bw7lhY7DwvwIAeJH,US,2
GY9AE6wvjzsPCLwEAAA0T,PL,2
GY3TKhQ3DK8PCLwEAAACg,PL,2
GYk29hgqX5cJmmwEAAAKB,PL,2
GYwlMfg3D-cJboAEAAAdO,PL,2
GYgHfCwsLl5IXkQEAAAFS,PL,2
GZA8vFApMeaaHgQEAABIr,PL,2
GXioBPgyhPcPCwwEAAAAb,MX,2
GZFFO2QaUOrDCLQEAAAku,CO,2
GYsiTAAJtIo3DKgEAAAAN,PL,2
GY8g-xAjou0G9tAEAAAwu,MX,2
GYkeXYQqXwoHDwwEAAACC,PL,2
GYfmmXg3Ue0ySrQEAAAFz,PL,2
GYfm7Qg65BMLCNgEAAARa,PL,2
GZGX7iApqwU6aKQEAAAqi,MX,2
GYgHYAwKkIyHDwgEAAAEd,PL,2
GYac1EAXrujJwwgEAAAAY,SE,2
GYF5EzAT1N22zaAEAAAAC,CO,2
GYfnrzAIwvzO-wwEAAAL7,PL,2
GYtA0tQZuh3mangEAAAj-,NO,2
GVU4txw0q8I7DwvwIAduW,PL,2
GZD03MAttf0G9tAEAABXJ,PL,2
GY3y9qwtA-MLCwgEAAAC8,PL,2
GYk2pvQym17yhpQEAAACK,PL,2
GYk27eQVtppmqwgEAAAAE,PL,2
GYiiCPw5pU6HCwgEAAAJp,PL,2
GYsiSXwb3IMPCEAEAAAAH,PL,2
GYZKd0wkmqMIrtQEAAAAC,BR,2
GVU2qSwqPi4NJjhsJAU0O,DK,2
GZA8u1g3Qw7GYsAEAAAPh,PL,2
GYgHcdA3ZN8JifQEAAAFN,PL,2
GYsiSxAxZVHmangEAAAXq,PL,2
GYgTxyAu3KI4KtwEAAACS,PL,2
GYzP2RA5kecLDwgEAAAB7,PL,2
GY4pdZAsXKJSgigEAAAQ5,PL,2
GY3TIkQ0Ca8JOjgEAAACS,PL,2
GYju6jwavAa24wgEAAAA-,PL,2
GYfl4YwlPR4m1eAEAAAEx,PL,2
GY77-SwIgyMPCLwEAAAr8,PL,2
GYNIZLQ4qHlqswgEAAAAO,NL,2
GXm_jlwaek54_wwEAAEkl,PL,2
GYk1qmgd5FrWdtAEAAAAM,PL,2
GYwU4UQWAcFiCmwEAAAbR,MX,2
GYgHaVgduccJifQEAAAFA,PL,2
GYgHcnAz60sLDwwEAAAFQ,PL,2
GYQk6iQ0vX7CPhwEAAAGF,PL,2
GYv0AcwpfsBbDwwEAAAQm,NL,2
GYfp0DAXE5MMRRQEAAACn,PL,2
GYU602AFMjMPDaAEAAAAu,SE,2
GYgHbwAbsjpi9rgEAAAFc,PL,2
GYk2MaAhAij68oQEAAAAj,PL,2
GYgHdKQa7dEnCXgEAAAFV,PL,2
GYju8qwzJXsLCagEAAABW,PL,2
GY9uxuQPgWpSgigEAAA47,PL,2
GYF3-sQiU6XBZuAEAAAAI,FI,2
GYk2plQyBaMJmmwEAAAIO,PL,2
GYk1qFw28w7fCWgEAAABx,PL,2
GYi9TVQx0urqCswEAAAB3,PL,2
GYgEnMwDt_sMNwgEAAAIO,PL,2
GYfmKRgf0dMPCwwEAAADW,PL,2
GYGzcQwEPkYOPOQEAAABg,NL,2
GYsiSXwnh0HmangEAAAXm,PL,2
GVU29hgyMw47DwvwIAWWL,US,2
GYyr-uAd33MLDDgEAAAHw,PL,2
GYfnGPAEkOIC8qAEAAAAL,PL,2
GY-zsnQiOVK-1mgEAAA-u,PL,2
GYnESMQSJ6BuLwgEAAABX,PL,2
GYgHdbwjXGTbCwwEAAAEo,PL,2
GYHJhUAL7TsIewgEAAAAC,CO,2
GY0_QpQXBz5OdHgEAAACg,CO,2
GYhPf6wUiCpVyjAEAAAM_,PL,1
GYj3p1wq8BK24wgEAAAG4,PL,1
GZCHGDQh7A8N_dwEAAAVn,MX,1
GYqhrKQXD3sPCWAEAAAAE,PL,1
GYhjDggvEysIKbwEAAAAG,DK,1
GYXJQtwhAMJ3DeQEAAACR,PL,1
GW8832w0PFqGJwgEAAAK2,MX,1
GVU41dgPouFFvjSoJAd8k,BR,1
GYfmxZgyDpzO-wwEAAACc,PL,1
GYhUbbQWelH5xhgEAAAIT,PL,1
GYSUzJAV-loPDYQEAAACj,US,1
GZAnNIgibuKaHgQEAABG-,PL,1
GYac1JAhkAyW7VQEAAAAF,NO,1
GY3dbcgOFvaaHgQEAAAEb,PL,1
GYfl4-g1HyL6mwgEAAAEs,PL,1
GY8IP0gawmpSgigEAAAti,MX,1
GYF4TFQaaUG6-wgEAAACk,BR,1
GZD02aARV86aHgQEAABWc,PL,1
GY4oSsAaBs8PCLwEAAAQO,PL,1
GYJnHDAbR0ayBmgEAAABK,PL,1
GY2l6EQvDjBWvdgEAAAHm,PL,1
GY4jVtQjsnsPCLwEAAAPn,BR,1
GY3KH_wrz38LCwwEAAAA9,AR,1
GVU3alwNV8oNJjhsJAYLY,US,1
GYpSFbQFPc4vDOAEAAAAC,PL,1
GZCLRnApe8E6aKQEAAAWM,CO,1
GYk2FCwM1WYQ3tQEAAAE-,PL,1
GYULahwyUb4aljwEAAAIp,US,1
GVU2vDgndTFFvjSoJAVKL,US,1
GZAnTFABkCaXCwgEAAAOV,PL,1
GZG0oJA4-xQnCZwEAABny,MX,1
GZEkTSwsZk5a4oQEAAAAC,PL,1
GYF4TFQPk2W6-wgEAAACi,BR,1
GY3TFUwd0eG6ylwEAAACr,PL,1
GX-ED7gWJbzODwgEAAAAX,CO,1
GYk3HCQBNysPCwwEAAAAE,PL,1
GYk2ozA2a4cNEhwEAAAAl,PL,1
GYqncBg4qJrmpjwEAAACf,PL,1
GYisxAQT9C5ephQEAAAAS,MX,1
GYj3p1wzMHXjDZAEAAAFm,PL,1
GYqb7Xwjw5MN8wgEAAAAM,PL,1
GYigtmAaABMMwkgEAAAGv,PL,1
GYfl4WQu_aMPCBQEAAAFD,PL,1
GYaC7iwVJhMNBiQEAAAAm,FI,1
GZEADZwhOyqKZwgEAAAgY,MX,1
GY-GDbQipba-1mgEAAA5b,MX,1
GZG0pjg7mFUG9tAEAABm9,PL,1
GYmkgTgOIDYC2mwEAAAAt,PL,1
GZAnOnwCcp5fDVQEAABFS,PL,1
GVU4AIQrqioNJjhsJAaqW,US,1
GYh5TGgQUrRXCfAEAAACl,PL,1
GYF4TCwKTM26-wgEAAACf,BR,1
GYgqnagypmb5mkAEAAAhV,MX,1
GZEuDPwSlNcPDwgEAABXe,PL,1
GZAnS1wWAa5OmPwEAAAOl,PL,1
GYuFGUQFOhaieuQEAAAAG,ES,1
GYbJ4GwCRvGPDwgEAAACx,CO,1
GYN49iwBf4YMqsQEAAAJI,CO,1
GZHiSyQCIaU6CswEAAAKO,PL,1
GY1-A0QXp6bYBwwEAAAAG,SE,1
GYk2nxgXPL8JmmwEAAAIC,PL,1
GYk3BsA3bFjOkwgEAAAAi,PL,1
GYpXmSwNtnqqxnwEAAACK,PL,1
GY1l65gsbX8LDwgEAAABI,US,1
GZDko5AXyuZfDVQEAABUX,PL,1
GY0fVXwurLRq_lQEAAACR,ES,1
GYf3r0QevUUnCXgEAAABg,PL,1
GXLip9wifscN8owEAAAGc,BR,1
GYqu7VgvyLcJtqQEAAACn,PL,1
GY2jiIg59vMNekQEAAAEP,PL,1
GYg_QNQOt7Ca3PwEAAAAR,PL,1
GYk3AUAAfhLGTrwEAAABt,PL,1
GYqw8SAyf_QCdrAEAAACQ,PL,1
GVU3kcgDhpoNJjhsJAYze,US,1
GZDlOOgv9AqXCwgEAAAdN,FI,1
GZG0jowRc7qaHgQEAABk-,PL,1
GYMd9Zw7QY5PDTQEAAAAC,CO,1
GXbn59wxfQ3epwwEAABZv,BR,1
GZA8vsg2V17iWtQEAAAPq,PL,1
GYF4THwGZHcLCOQEAAAI6,BR,1
GY3byOA5077AOWQEAAAAF,PL,1
GZEkQUwRln5OmPwEAAAh-,PL,1
GVU4PUQee-INJjhsJAbrK,FI,1
GY-TilASDe5SgigEAAA7l,MX,1
GYk2z2ADXErfCWgEAAAJn,PL,1
GYg_QFg2pXkiCrwEAAAAn,PL,1
GYs9_ZgcWJ8NewgEAAAdp,PL,1
GZA7qhgzNiZSgigEAABGi,PL,1
GYqb35Q4IG0o8igEAAAAD,PL,1
GYk2ixwnRosNEhwEAAAAC,PL,1
GY2P_YA4iWhWvdgEAAAEW,MX,1
GY4oSOAO-0gnCZwEAAARs,PL,1
GVU3pRQh3fo7DwvwIAZVk,MX,1
GY72HQgbJbJSgigEAAAo8,MX,1
GYfl6IQixv4m1eAEAAAFQ,PL,1
GYkuouANm28PDwwEAAAAD,PL,1
GYF4-pQaEjoTCwgEAAAQR,PL,1
GYh_D3ATZCMLDwgEAAAAi,PL,1
GYk2okAdsGZGLwgEAAAAj,PL,1
GYg_nDArSpRdlpAEAAAE-,PL,1
GYbvoKAZypcPCwwEAAAMo,CO,1
GYk2ufQ4XpMJmmwEAAAIs,PL,1
GYgHdqwkykUnCXgEAAAFY,PL,1
GY4d1MwaA_MLCwwEAAAOD,PL,1
GVU39nwXgcY7DwvwIAaso,US,1
GXmlRoAwcLZ4_wwEAAC87,US,1
GYh5-Uw8h77ifwwEAAAEF,PL,1
GYk1kzA2ux4Q3tQEAAABD,PL,1
GYk5Q9gps_8NMogEAAAAC,PL,1
GYk3CKQqRMr2MwwEAAAAE,PL,1
GYF4COwZsZEGswwEAAAG4,MX,1
GZEgnRQRWpQnCZwEAABcL,BR,1
GXRtnkw6l9m2YwgEAAABw,CO,1
GYk2FTgdqIaCXmQEAAAAP,NL,1
GV4el6QGvHcLCWgEAAAAX,CO,1
GVU40PAJGiINJjhsJAd1B,MX,1
GYf3r0QNJhMJifQEAAABj,PL,1
GYk1tWQsUTDYenAEAAACP,PL,1
GYwlNqwISrxEHXQEAAAc2,PL,1
GY5PP8ggNe8PCLwEAAAXY,PL,1
GYhPoTQ3l6ZVyjAEAAANL,PL,1
GYIjjNAOLLoeedgEAAAOV,MX,1
GVU4XwAtFiVFvjSoJAcOK,US,1
GXoc-nQY1_rDCYwEAAANy,MX,1
GYk2zaQKtSoDDYwEAAAEi,PL,1
GYK8t9QGcULGLCwEAAABa,CO,1
GYThgCgh_hsPCNgEAAAAw,ES,1
GY1aM7QpD452OlQEAAAFg,FI,1
GYK_YKgp2hZKRSAEAAAB9,BR,1
GZDbHGgdXLbGYsAEAAAbZ,PL,1
GYgEkiQM8YWmAkQEAAAEH,PL,1
GVU3_XwlrhINJjhsJAanm,CO,1
GZHiRzwHvTk6CswEAAAKN,PL,1
GZGOdcAkMJsLCwgEAABem,CO,1
GYf1ULQeeTz9OAQEAAAAf,PL,1
GYfmHwA36C50XmAEAAABo,PL,1
GY9urCgaHpaKZwgEAAACV,PL,1
